City_ID,City,Country,Date,Lat,Lng,Max Temp,Humidity,Cloudiness,Wind Speed
0,Albany,US,2022-01-26 03:31:18,42.6001,-73.9662,21.15,75,18,6.24
1,Hasaki,JP,2022-01-26 03:31:19,35.7333,140.8333,45.28,84,100,18.14
2,Pampa,US,2022-01-26 03:31:19,35.5362,-100.9599,26.74,54,100,17.27
3,Busselton,AU,2022-01-26 03:31:20,-33.65,115.3333,77.86,40,11,5.64
4,New Norfolk,AU,2022-01-26 03:31:20,-42.7826,147.0587,68.67,46,100,5.5
5,Ketchikan,US,2022-01-26 03:31:21,55.3422,-131.6461,40.98,93,40,4.61
6,Brae,GB,2022-01-26 03:31:21,60.3964,-1.353,42.71,75,70,33.6
7,Shingu,JP,2022-01-26 03:31:22,33.7333,135.9833,56.39,50,53,12.82
8,Tuatapere,NZ,2022-01-26 03:31:23,-46.1333,167.6833,57.81,79,81,14.56
9,Ushuaia,AR,2022-01-26 03:31:23,-54.8,-68.3,42.46,75,75,25.32
10,Kununurra,AU,2022-01-26 03:31:24,-15.7667,128.7333,84.18,74,100,6.91
11,Tasiilaq,GL,2022-01-26 03:31:24,65.6145,-37.6368,12.36,71,24,6.69
12,Praia Da Vitoria,PT,2022-01-26 03:31:25,38.7333,-27.0667,59.25,94,40,6.13
13,Cape Town,ZA,2022-01-26 03:30:06,-33.9258,18.4232,66.61,83,0,5.01
14,Ponta Do Sol,PT,2022-01-26 03:31:25,32.6667,-17.1,61.0,69,40,7.81
15,Vaini,TO,2022-01-26 03:31:26,-21.2,-175.2,86.16,74,20,9.22
16,Lompoc,US,2022-01-26 03:31:26,34.6391,-120.4579,56.12,83,100,3.44
17,San Jose,US,2022-01-26 03:27:45,37.3394,-121.895,54.09,80,0,5.75
18,Tromso,NO,2022-01-26 03:31:27,69.6496,18.957,28.42,80,75,1.99
19,Otavalo,EC,2022-01-26 03:31:27,0.2333,-78.2667,53.82,97,99,2.3
20,Mobaye,CF,2022-01-26 03:31:28,4.319,21.1786,71.02,35,99,3.2
21,Bredasdorp,ZA,2022-01-26 03:31:28,-34.5322,20.0403,66.27,90,100,7.92
22,Jamestown,US,2022-01-26 03:28:57,42.097,-79.2353,17.19,92,100,3.44
23,Yellowknife,CA,2022-01-26 03:31:29,62.456,-114.3525,0.41,89,75,12.66
24,Westport,US,2022-01-26 03:31:30,41.1415,-73.3579,32.76,59,0,5.01
25,Tiksi,RU,2022-01-26 03:31:30,71.6872,128.8694,-1.62,94,100,13.58
26,Kapaa,US,2022-01-26 03:31:31,22.0752,-159.319,76.98,70,20,4.0
27,Necochea,AR,2022-01-26 03:27:55,-38.5473,-58.7368,72.03,87,82,3.11
28,Georgetown,MY,2022-01-26 03:31:32,5.4112,100.3354,84.15,74,20,3.44
29,Clyde River,CA,2022-01-26 03:31:32,70.4692,-68.5914,-7.37,77,100,17.27
30,Togur,RU,2022-01-26 03:31:32,58.3631,82.8265,-1.37,97,92,3.09
31,Dikson,RU,2022-01-26 03:31:33,73.5069,80.5464,10.54,90,100,30.85
32,Sao Joao Da Barra,BR,2022-01-26 03:31:33,-21.6403,-41.0511,75.11,89,1,14.7
33,Arraial Do Cabo,BR,2022-01-26 03:31:34,-22.9661,-42.0278,75.04,91,0,16.67
34,Bluff,NZ,2022-01-26 03:31:35,-46.6,168.3333,57.79,73,86,24.14
35,Chokurdakh,RU,2022-01-26 03:31:35,70.6333,147.9167,-33.14,100,100,7.14
36,Mataura,NZ,2022-01-26 03:31:36,-46.1927,168.8643,57.47,98,100,7.34
37,Malaryta,BY,2022-01-26 03:31:36,51.7905,24.074,32.18,98,100,6.17
38,Tieli,CN,2022-01-26 03:31:37,46.95,128.05,12.07,87,100,4.45
39,Upernavik,GL,2022-01-26 03:31:37,72.7868,-56.1549,-0.22,91,98,6.67
40,Barrow,US,2022-01-26 03:27:11,71.2906,-156.7887,-7.58,77,100,25.32
41,Thompson,CA,2022-01-26 03:31:38,55.7435,-97.8558,-5.64,71,100,12.66
42,Bambous Virieux,MU,2022-01-26 03:31:38,-20.3428,57.7575,79.21,69,75,10.36
43,Bethel,US,2022-01-26 03:31:39,41.3712,-73.414,30.56,67,0,6.91
44,Punta Arenas,CL,2022-01-26 03:31:39,-53.15,-70.9167,46.51,61,0,24.16
45,Rikitea,PF,2022-01-26 03:31:40,-23.1203,-134.9692,78.4,77,100,17.85
46,Shaowu,CN,2022-01-26 03:31:40,27.3409,117.4831,61.02,82,95,3.47
47,Plaeng Yao,TH,2022-01-26 03:31:41,13.5847,101.284,91.74,89,18,2.15
48,Cody,US,2022-01-26 03:30:01,44.5263,-109.0565,25.09,64,6,8.08
49,Castro,BR,2022-01-26 03:32:42,-24.7911,-50.0119,64.33,97,10,4.54
50,Storebo,NO,2022-01-26 03:32:42,60.0948,5.2271,41.77,96,66,1.01
51,Benghazi,LY,2022-01-26 03:32:43,32.1167,20.0667,51.55,49,98,18.86
52,Yulara,AU,2022-01-26 03:32:44,-25.2406,130.9889,96.64,32,100,10.36
53,Iquique,CL,2022-01-26 03:31:11,-20.2208,-70.1431,68.04,77,57,0.67
54,Caravelas,BR,2022-01-26 03:32:44,-17.7125,-39.2481,74.46,91,100,9.53
55,Krasnoselkup,RU,2022-01-26 03:32:45,65.7,82.4667,-12.55,97,52,13.18
56,Paamiut,GL,2022-01-26 03:32:45,61.994,-49.6678,20.08,95,100,2.01
57,Hobart,AU,2022-01-26 03:30:02,-42.8794,147.3294,69.03,75,75,1.01
58,Tura,IN,2022-01-26 03:32:46,25.5198,90.2201,70.99,41,0,1.45
59,Churapcha,RU,2022-01-26 03:32:46,62.0025,132.4325,-16.08,91,100,3.53
60,Lebu,CL,2022-01-26 03:31:03,-37.6167,-73.65,57.24,90,2,14.74
61,Kazerun,IR,2022-01-26 03:32:47,29.6195,51.6541,51.87,43,2,2.48
62,Copiapo,CL,2022-01-26 03:32:48,-27.3667,-70.3333,65.32,74,0,1.39
63,Puerto Ayora,EC,2022-01-26 03:32:48,-0.7393,-90.3518,73.44,90,44,6.51
64,Port Alfred,ZA,2022-01-26 03:32:49,-33.5906,26.891,71.74,87,100,11.81
65,Erdenet,MN,2022-01-26 03:32:49,49.0333,104.0833,1.29,79,8,3.24
66,Tuktoyaktuk,CA,2022-01-26 03:32:50,69.4541,-133.0374,12.2,85,100,31.07
67,Goderich,CA,2022-01-26 03:30:28,43.7501,-81.7165,16.92,67,100,5.75
68,Velyka Bilozerka,UA,2022-01-26 03:32:50,47.2776,34.7062,12.65,98,94,4.72
69,Hilo,US,2022-01-26 03:32:51,19.7297,-155.09,73.8,88,15,6.64
70,Komsomolskiy,UZ,2022-01-26 03:32:51,40.4272,71.7189,27.82,86,40,4.61
71,Hermanus,ZA,2022-01-26 03:32:52,-34.4187,19.2345,66.79,87,97,13.49
72,Huinan,CN,2022-01-26 03:32:52,42.6225,126.2614,16.14,75,42,9.22
73,Sao Filipe,CV,2022-01-26 03:32:53,14.8961,-24.4956,75.22,60,2,10.18
74,Avarua,CK,2022-01-26 03:32:53,-21.2078,-159.775,80.65,83,75,9.22
75,Faanui,PF,2022-01-26 03:32:54,-16.4833,-151.75,80.98,76,65,12.91
76,Arlit,NE,2022-01-26 03:32:54,18.7369,7.3853,55.47,22,44,7.72
77,Ribeira Grande,PT,2022-01-26 03:32:55,38.5167,-28.7,59.86,80,100,6.6
78,Katsuura,JP,2022-01-26 03:32:55,35.1333,140.3,46.11,87,100,12.66
79,Chitipa,MW,2022-01-26 03:32:56,-9.7024,33.2697,62.65,93,100,2.48
80,Mahebourg,MU,2022-01-26 03:32:56,-20.4081,57.7,79.25,69,75,10.36
81,Longyearbyen,SJ,2022-01-26 03:32:57,78.2186,15.6401,15.64,62,40,16.11
82,Moindou,NC,2022-01-26 03:32:57,-21.6924,165.677,82.35,66,60,11.16
83,Ahipara,NZ,2022-01-26 03:32:58,-35.1667,173.1667,75.13,74,10,8.57
84,Adrar,MR,2022-01-26 03:29:45,20.5022,-10.0711,64.47,17,100,4.45
85,Grand Gaube,MU,2022-01-26 03:32:59,-20.0064,57.6608,79.38,62,2,7.0
86,Atar,MR,2022-01-26 03:32:59,20.5169,-13.0499,64.98,45,21,8.5
87,Bluefields,NI,2022-01-26 03:33:00,12.0137,-83.7635,73.65,87,3,3.22
88,Severo-Kurilsk,RU,2022-01-26 03:33:00,50.6789,156.125,26.04,71,39,5.95
89,Saskylakh,RU,2022-01-26 03:33:01,71.9167,114.0833,9.52,84,100,19.22
90,East London,ZA,2022-01-26 03:33:01,-33.0153,27.9116,70.74,94,75,3.44
91,Iracoubo,GF,2022-01-26 03:33:02,5.4802,-53.2011,75.61,87,64,8.63
92,Skjervoy,NO,2022-01-26 03:33:02,70.0311,20.9714,30.31,80,100,15.66
93,Kaitangata,NZ,2022-01-26 03:33:03,-46.2817,169.8464,52.03,92,99,8.75
94,Vanimo,PG,2022-01-26 03:34:04,-2.6741,141.3028,84.33,71,64,6.29
95,Mercedes,AR,2022-01-26 03:34:04,-34.6515,-59.4307,76.89,97,37,5.3
96,Tual,ID,2022-01-26 03:34:05,-5.6667,132.75,84.61,74,97,11.23
97,Almaznyy,RU,2022-01-26 03:34:05,48.0448,40.045,23.14,97,94,4.18
98,Beidao,CN,2022-01-26 03:34:06,34.5686,105.8933,37.99,67,99,2.28
99,Butaritari,KI,2022-01-26 03:34:06,3.0707,172.7902,81.88,79,31,16.73
100,Yanam,IN,2022-01-26 03:34:07,16.7333,82.2167,73.8,59,0,4.56
101,Norrtalje,SE,2022-01-26 03:34:07,59.758,18.705,33.03,60,99,11.48
102,Bonthe,SL,2022-01-26 03:34:07,7.5264,-12.505,75.02,81,1,2.3
103,Roald,NO,2022-01-26 03:34:08,62.5833,6.1333,42.85,87,75,19.57
104,Neuquen,AR,2022-01-26 03:34:09,-38.9516,-68.0591,76.89,61,0,4.61
105,Ilulissat,GL,2022-01-26 03:34:09,69.2167,-51.1,12.22,57,100,29.93
106,Kholodnyy,RU,2022-01-26 03:34:10,62.7167,147.95,-13.14,96,100,2.19
107,Mount Gambier,AU,2022-01-26 03:34:10,-37.8333,140.7667,78.84,58,100,9.93
108,Northam,GB,2022-01-26 03:34:11,51.0333,-4.2167,43.02,88,65,1.9
109,Srednekolymsk,RU,2022-01-26 03:34:11,67.45,153.6833,-37.03,100,97,4.81
110,Faya,SA,2022-01-26 03:34:12,18.3851,42.4509,48.31,82,26,1.43
111,Gazli,UZ,2022-01-26 03:34:12,40.1333,63.45,32.11,69,0,9.06
112,Nanortalik,GL,2022-01-26 03:34:13,60.1432,-45.2371,27.46,97,100,3.53
113,Miri,MY,2022-01-26 03:34:13,4.4148,114.0089,78.94,94,40,3.44
114,Thanh Hoa,VN,2022-01-26 03:34:13,19.8,105.7667,74.39,79,97,2.68
115,Provideniya,RU,2022-01-26 03:34:14,64.3833,-173.3,-8.64,59,75,4.47
116,Nikolskoye,RU,2022-01-26 03:34:14,59.7035,30.7861,15.69,100,84,2.89
117,Pevek,RU,2022-01-26 03:34:15,69.7008,170.3133,-35.09,100,74,3.62
118,Conde,BR,2022-01-26 03:34:16,-7.2597,-34.9075,78.26,83,20,4.61
119,Bayeux,BR,2022-01-26 03:34:16,-7.125,-34.9322,79.43,83,20,4.61
120,Oistins,BB,2022-01-26 03:34:17,13.0667,-59.5333,75.29,83,20,14.97
121,Golden,US,2022-01-26 03:30:02,39.7555,-105.2211,23.95,87,75,4.0
122,Hithadhoo,MV,2022-01-26 03:34:18,-0.6,73.0833,81.68,65,90,18.19
123,Qaanaaq,GL,2022-01-26 03:34:18,77.484,-69.3632,-11.88,61,12,7.38
124,Atambua,ID,2022-01-26 03:34:18,-9.1061,124.8925,82.36,68,98,8.7
125,Chihuahua,MX,2022-01-26 03:30:07,28.5,-106.0,52.63,26,60,3.78
126,Saint-Philippe,RE,2022-01-26 03:34:19,-21.3585,55.7679,74.75,65,89,11.27
127,Bilozerka,UA,2022-01-26 03:34:20,46.6248,32.4425,14.38,90,81,2.62
128,Touros,BR,2022-01-26 03:34:20,-5.1989,-35.4608,79.7,78,100,12.97
129,Ransang,PH,2022-01-26 03:34:21,8.9603,117.5828,81.73,79,89,8.77
130,Sundumbili,ZA,2022-01-26 03:34:12,-29.1337,31.3975,70.11,89,39,3.51
131,San Roque,ES,2022-01-26 03:34:22,36.2107,-5.3842,56.23,82,75,36.82
132,Nyurba,RU,2022-01-26 03:34:23,63.2842,118.3319,-7.85,94,100,6.4
133,Belaya Gora,RU,2022-01-26 03:34:23,68.5333,146.4167,-36.27,100,90,4.18
134,Vila Franca Do Campo,PT,2022-01-26 03:34:24,37.7167,-25.4333,58.19,81,94,8.28
135,Carmel,US,2022-01-26 03:30:52,39.9784,-86.118,13.95,67,0,7.0
136,Khatanga,RU,2022-01-26 03:34:24,71.9667,102.5,-5.78,87,37,11.01
137,Armidale,AU,2022-01-26 03:35:25,-30.5167,151.65,65.8,82,88,6.8
138,Bengkulu,ID,2022-01-26 03:35:25,-3.8004,102.2655,82.08,70,97,1.99
139,Torbay,CA,2022-01-26 03:35:26,47.6666,-52.7314,28.58,89,75,8.05
140,Puerto Narino,CO,2022-01-26 03:35:26,-3.7703,-70.3831,73.35,99,100,1.48
141,La Asuncion,VE,2022-01-26 03:35:17,11.0333,-63.8628,76.73,83,8,9.22
142,Smithers,CA,2022-01-26 03:33:20,54.7804,-127.1743,28.72,93,20,0.0
143,Wanning,CN,2022-01-26 03:35:27,18.8003,110.3967,77.29,74,94,8.25
144,Herat,AF,2022-01-26 03:35:28,34.5,62.0,37.36,35,0,2.55
145,Victoria,HK,2022-01-26 03:35:28,22.2855,114.1577,69.85,82,100,3.0
146,Road Town,VG,2022-01-26 03:35:29,18.4167,-64.6167,75.99,69,16,15.61
147,Pisco,PE,2022-01-26 03:35:01,-13.7,-76.2167,68.05,83,0,10.36
148,Muroto,JP,2022-01-26 03:35:29,33.2833,134.15,59.04,57,3,9.1
149,Calabozo,VE,2022-01-26 03:35:30,8.9242,-67.4293,78.58,59,100,9.78
150,Mehamn,NO,2022-01-26 03:35:30,71.0357,27.8492,28.35,80,75,21.85
151,Port-Gentil,GA,2022-01-26 03:30:54,-0.7193,8.7815,80.17,78,81,9.08
152,Manicore,BR,2022-01-26 03:35:31,-5.8092,-61.3003,74.08,98,100,2.1
153,Te Anau,NZ,2022-01-26 03:35:32,-45.4167,167.7167,60.03,54,52,9.69
154,Nome,US,2022-01-26 03:35:05,64.5011,-165.4064,-12.93,77,0,3.44
155,Leshan,CN,2022-01-26 03:35:32,29.5623,103.7639,49.5,75,99,4.36
156,Porto Velho,BR,2022-01-26 03:35:33,-8.7619,-63.9039,77.05,83,0,4.61
157,Puerto Carreno,CO,2022-01-26 03:35:33,6.189,-67.4859,83.01,49,52,8.93
158,Oranjemund,NA,2022-01-26 03:35:34,-28.55,16.4333,63.28,93,38,13.06
159,Ojinaga,MX,2022-01-26 03:35:35,29.5667,-104.4167,56.35,33,0,5.75
160,Airai,TL,2022-01-26 03:35:35,-8.9266,125.4092,74.91,55,100,5.88
161,Isangel,VU,2022-01-26 03:35:36,-19.55,169.2667,85.33,71,18,4.25
162,Cidreira,BR,2022-01-26 03:35:36,-30.1811,-50.2056,76.87,89,85,18.84
163,Lulea,SE,2022-01-26 03:35:37,65.5842,22.1547,19.47,86,40,2.3
164,Sibolga,ID,2022-01-26 03:35:37,1.7427,98.7792,77.49,86,100,1.9
165,Zonguldak,TR,2022-01-26 03:35:38,41.25,31.8333,12.31,95,63,4.83
166,Sitka,US,2022-01-26 03:35:38,57.0531,-135.33,39.09,87,100,4.61
167,Muisne,EC,2022-01-26 03:35:39,0.6,-80.0333,74.41,91,100,3.4
168,Santa Helena De Goias,BR,2022-01-26 03:33:54,-17.8136,-50.5969,72.36,85,100,3.18
169,Maniitsoq,GL,2022-01-26 03:35:39,65.4167,-52.9,17.35,93,100,9.66
170,Whitehorse,CA,2022-01-26 03:35:40,60.7161,-135.0538,27.37,68,0,2.3
171,Kodiak,US,2022-01-26 03:33:16,57.79,-152.4072,26.11,68,0,5.75
172,Marquette,US,2022-01-26 03:35:41,46.5333,-87.6335,-0.33,69,59,6.17
173,Chuy,UY,2022-01-26 03:35:41,-33.6971,-53.4616,74.48,95,100,4.83
174,Mukhen,RU,2022-01-26 03:35:42,48.1,136.1,10.76,86,100,3.69
175,Hobyo,SO,2022-01-26 03:35:42,5.3505,48.5268,75.83,63,26,16.69
176,Shelburne,CA,2022-01-26 03:33:09,44.0787,-80.2041,7.25,98,82,2.86
177,Birjand,IR,2022-01-26 03:35:43,32.8663,59.2211,23.47,63,0,6.91
178,Daru,PG,2022-01-26 03:35:44,-9.0763,143.2092,85.24,72,85,7.4
179,Sokolka,PL,2022-01-26 03:35:44,53.4072,23.5023,31.66,96,99,4.59
180,Atuona,PF,2022-01-26 03:35:45,-9.8,-139.0333,78.49,76,7,15.77
181,Turangi,NZ,2022-01-26 03:35:45,-39.0,175.9333,66.15,90,78,4.74
182,Saint George,US,2022-01-26 03:36:46,37.1041,-113.5841,44.26,42,0,1.01
183,Fortuna,US,2022-01-26 03:36:46,40.5982,-124.1573,44.92,93,5,3.15
184,Broome,US,2022-01-26 03:36:47,42.2506,-75.833,17.98,57,100,10.36
185,Alofi,NU,2022-01-26 03:36:47,-19.0595,-169.9187,78.69,94,13,4.61
186,Saldanha,ZA,2022-01-26 03:36:48,-33.0117,17.9442,59.05,92,0,17.87
187,Chicama,PE,2022-01-26 03:36:48,-7.8447,-79.1469,68.54,76,65,5.59
188,Belyy Yar,RU,2022-01-26 03:36:49,53.6039,91.3903,-5.91,77,40,0.0
189,Jizan,SA,2022-01-26 03:36:49,17.3333,42.6667,72.54,76,27,4.16
190,Norman Wells,CA,2022-01-26 03:36:50,65.282,-126.8329,34.38,78,100,19.95
191,Ambon,ID,2022-01-26 03:36:50,-3.6954,128.1814,91.54,58,20,9.22
192,Axim,GH,2022-01-26 03:36:51,4.8699,-2.2405,76.12,87,4,1.83
193,Aswan,EG,2022-01-26 03:36:51,24.0934,32.907,43.9,100,0,5.75
194,Pittsburg,US,2022-01-26 03:33:34,38.028,-121.8847,53.22,72,0,1.01
195,Okhotsk,RU,2022-01-26 03:36:52,59.3833,143.3,-1.71,91,100,8.1
196,Beloha,MG,2022-01-26 03:36:52,-25.1667,45.05,71.62,61,0,9.84
197,Caiaponia,BR,2022-01-26 03:36:53,-16.9567,-51.8103,68.72,91,100,2.13
198,Evensk,RU,2022-01-26 03:36:53,61.95,159.2333,-4.7,85,100,7.18
199,Pacifica,US,2022-01-26 03:36:54,37.6138,-122.4869,52.75,89,20,1.01
200,Shahr-E Babak,IR,2022-01-26 03:36:54,30.1165,55.1186,40.12,62,0,6.31
201,Saint Anthony,US,2022-01-26 03:36:55,45.0205,-93.218,-4.85,70,0,1.01
202,Aksarka,RU,2022-01-26 03:36:55,66.5606,67.7975,12.81,95,100,12.3
203,Luderitz,NA,2022-01-26 03:36:56,-26.6481,15.1594,72.14,64,7,18.92
204,Lorengau,PG,2022-01-26 03:36:56,-2.0226,147.2712,84.97,71,100,6.04
205,Fukue,JP,2022-01-26 03:36:57,32.6881,128.8419,52.16,62,40,14.97
206,Krasnogvardeyets,RU,2022-01-26 03:36:54,52.6804,52.3635,8.55,96,99,6.98
207,Tekirdag,TR,2022-01-26 03:36:58,40.978,27.5085,24.15,56,34,8.66
208,Fairlie,GB,2022-01-26 03:36:58,55.756,-4.8556,46.42,92,100,4.0
209,Kavieng,PG,2022-01-26 03:36:59,-2.5744,150.7967,84.2,73,92,7.11
210,Kahului,US,2022-01-26 03:36:59,20.8947,-156.47,77.02,71,20,18.41
211,Jidong,CN,2022-01-26 03:37:00,45.2167,131.0833,15.26,82,98,6.96
212,Qasigiannguit,GL,2022-01-26 03:37:00,68.8193,-51.1922,12.45,68,100,10.56
213,Orange Park,US,2022-01-26 03:36:11,30.1661,-81.7065,54.09,85,100,5.75
214,Asfi,MA,2022-01-26 03:37:01,32.2994,-9.2372,56.97,74,53,3.58
215,Pangnirtung,CA,2022-01-26 03:37:02,66.1451,-65.7125,-11.72,99,100,2.77
216,Kupang,ID,2022-01-26 03:37:02,-10.1667,123.5833,88.38,74,40,12.66
217,Namibe,AO,2022-01-26 03:37:03,-15.1961,12.1522,75.36,85,97,5.41
218,Mamaku,NZ,2022-01-26 03:37:03,-38.1,176.0833,67.12,87,98,3.98
219,Lamu,KE,2022-01-26 03:37:04,-2.2717,40.902,79.02,83,33,12.17
220,Nuuk,GL,2022-01-26 03:37:04,64.1835,-51.7216,21.81,73,100,3.44
221,Tias,ES,2022-01-26 03:37:05,28.9611,-13.645,56.95,82,0,5.75
222,Kovdor,RU,2022-01-26 03:37:05,67.5662,30.4758,5.41,97,46,4.92
223,Kichmengskiy Gorodok,RU,2022-01-26 03:37:06,59.9816,45.7854,7.05,96,100,5.41
224,Leningradskiy,RU,2022-01-26 03:37:06,69.3833,178.4167,-28.88,87,31,3.83
225,Kitui,KE,2022-01-26 03:37:07,-1.367,38.0106,59.41,89,21,1.14
226,Chulumani,BO,2022-01-26 03:37:07,-16.4096,-67.5263,62.51,97,89,1.43
227,Trincomalee,LK,2022-01-26 03:37:08,8.5711,81.2335,77.2,73,100,5.23
228,New Ulm,US,2022-01-26 03:38:08,44.3125,-94.4605,-10.71,78,0,8.05
229,Laguna,US,2022-01-26 03:34:37,38.421,-121.4238,55.24,77,0,1.01
230,Vestmannaeyjar,IS,2022-01-26 03:38:09,63.4427,-20.2734,35.91,64,100,4.94
231,Eyl,SO,2022-01-26 03:38:09,7.9803,49.8164,71.42,67,59,14.65
232,Tazovskiy,RU,2022-01-26 03:38:10,67.4667,78.7,0.99,94,100,19.77
233,Sioux Lookout,CA,2022-01-26 03:38:10,50.1001,-91.917,-16.22,83,0,3.44
234,Ayan,RU,2022-01-26 03:38:11,56.45,138.1667,5.11,61,29,13.69
235,Aklavik,CA,2022-01-26 03:38:11,68.2191,-135.0107,16.63,89,95,20.2
236,Chute-Aux-Outardes,CA,2022-01-26 03:38:12,49.1168,-68.399,12.51,92,75,11.5
237,Ovsyanka,RU,2022-01-26 03:38:12,55.9575,92.5519,4.17,93,100,2.66
238,Qingyuan,CN,2022-01-26 03:38:13,23.7,113.0333,62.58,61,80,3.8
239,Mildura,AU,2022-01-26 03:38:13,-34.2,142.15,94.06,40,75,17.27
240,Gallup,US,2022-01-26 03:38:14,35.5281,-108.7426,39.04,48,100,4.0
241,Half Moon Bay,US,2022-01-26 03:38:14,37.4636,-122.4286,53.29,87,0,0.0
242,Riyadh,SA,2022-01-26 03:36:26,24.6877,46.7219,53.74,42,0,10.22
243,Shimoda,JP,2022-01-26 03:38:15,34.6667,138.95,51.91,69,82,4.16
244,Zhongshu,CN,2022-01-26 03:38:16,24.5167,103.7667,59.79,62,14,15.43
245,Kloulklubed,PW,2022-01-26 03:38:16,7.0419,134.2556,84.7,73,65,16.69
246,Japura,ID,2022-01-26 03:38:16,-0.3167,102.35,83.71,69,99,3.83
247,Jangaon,IN,2022-01-26 03:38:17,17.7167,79.1833,68.5,41,5,12.8
248,Port Elizabeth,ZA,2022-01-26 03:38:17,-33.918,25.5701,69.1,83,100,8.05
249,Santa Fe Do Sul,BR,2022-01-26 03:38:18,-20.2111,-50.9258,71.94,88,75,5.61
250,Wahiawa,US,2022-01-26 03:38:18,21.5028,-158.0236,77.32,65,0,11.5
251,Boralday,KZ,2022-01-26 03:38:19,43.3578,76.8594,21.06,86,40,4.47
252,Were Ilu,ET,2022-01-26 03:38:19,10.6,39.4333,44.01,65,100,6.62
253,Usinsk,RU,2022-01-26 03:38:20,65.9939,57.5281,18.43,95,100,17.54
254,Sur,OM,2022-01-26 03:38:21,22.5667,59.5289,70.65,58,7,12.06
255,Huarmey,PE,2022-01-26 03:38:21,-10.0681,-78.1522,71.17,84,63,6.85
256,Romny,UA,2022-01-26 03:38:22,50.751,33.4747,15.4,96,100,5.03
257,Nadym,RU,2022-01-26 03:38:22,65.5333,72.5167,10.2,94,100,21.09
258,Saint-Augustin,CA,2022-01-26 03:38:23,51.226,-58.6502,8.96,95,100,12.88
259,Shache,CN,2022-01-26 03:34:32,38.4167,77.2406,27.72,39,84,0.47
260,Jaru,BR,2022-01-26 03:38:23,-10.4389,-62.4664,72.82,97,100,3.53
261,Yar-Sale,RU,2022-01-26 03:34:36,66.8333,70.8333,13.73,94,100,16.98
262,Borba,BR,2022-01-26 03:38:24,-4.3878,-59.5939,74.12,97,100,3.06
263,Gurupa,BR,2022-01-26 03:38:25,-1.405,-51.64,72.19,97,90,3.06
264,Trinidad,BO,2022-01-26 03:38:25,-14.8333,-64.9,75.52,86,60,4.09
265,Sidney,AU,2022-01-26 03:38:26,-33.8679,151.2073,81.61,62,40,1.99
266,Bealanana,MG,2022-01-26 03:38:26,-14.55,48.7333,64.38,94,99,2.3
267,Llanes,ES,2022-01-26 03:38:26,43.4198,-4.7549,46.89,70,0,3.51
268,Lerwick,GB,2022-01-26 03:38:27,60.1545,-1.1494,42.8,73,77,33.73
269,Hopewell,US,2022-01-26 03:35:16,37.3043,-77.2872,39.09,68,98,10.8
270,Popondetta,PG,2022-01-26 03:38:28,-8.7537,148.2534,87.22,66,100,3.98
271,Salalah,OM,2022-01-26 03:38:28,17.0151,54.0924,60.89,39,20,5.75
272,Nantucket,US,2022-01-26 03:38:29,41.2835,-70.0995,35.71,70,84,19.8
273,Meulaboh,ID,2022-01-26 03:38:29,4.1363,96.1285,84.24,67,75,1.14
274,Karasjok,NO,2022-01-26 03:38:30,69.4719,25.5112,23.11,88,23,7.2
275,Repalle,IN,2022-01-26 03:39:30,16.0167,80.85,73.62,55,0,7.25
276,Onega,RU,2022-01-26 03:39:31,63.9061,38.1404,1.17,97,57,3.38
277,Luganville,VU,2022-01-26 03:39:31,-15.5333,167.1667,86.18,72,93,1.74
278,Alice Springs,AU,2022-01-26 03:39:32,-23.7,133.8833,96.22,43,75,1.01
279,Codrington,AU,2022-01-26 03:39:32,-38.2667,141.9667,90.39,34,87,2.35
280,Siguiri,GN,2022-01-26 03:39:33,11.6667,-9.5,66.52,15,44,3.65
281,Kitale,KE,2022-01-26 03:39:33,1.0157,35.0062,53.85,65,32,1.48
282,Cherskiy,RU,2022-01-26 03:39:34,68.75,161.3,-43.64,99,58,4.81
283,Hvolsvollur,IS,2022-01-26 03:39:34,63.7533,-20.2243,26.82,80,100,4.25
284,Raga,SS,2022-01-26 03:39:35,8.4596,25.678,66.2,25,98,4.23
285,Nemuro,JP,2022-01-26 03:39:35,43.3236,145.575,25.23,76,100,2.8
286,Carnarvon,AU,2022-01-26 03:39:36,-24.8667,113.6333,84.27,54,0,18.41
287,Austin,US,2022-01-26 03:35:57,30.2672,-97.7431,52.38,87,100,1.99
288,Prata,BR,2022-01-26 03:36:57,-19.3072,-48.9242,70.5,91,95,3.24
289,Carballo,ES,2022-01-26 03:39:37,43.213,-8.691,42.67,95,4,2.68
290,Baykit,RU,2022-01-26 03:39:37,61.67,96.37,-12.14,100,86,1.01
291,Konevo,RU,2022-01-26 03:37:47,62.1215,39.3192,0.91,99,51,3.09
292,Vardo,NO,2022-01-26 03:39:38,70.3705,31.1107,25.0,78,26,24.18
293,Waipawa,NZ,2022-01-26 03:39:38,-41.4122,175.5153,70.43,51,67,8.93
294,Puerto Del Rosario,ES,2022-01-26 03:39:39,28.5004,-13.8627,58.75,77,4,9.22
295,Magadan,RU,2022-01-26 03:39:39,59.5667,150.8,-2.47,77,100,10.09
296,Dong Hoi,VN,2022-01-26 03:39:40,17.4833,106.6,76.77,77,49,6.33
297,Valle De Allende,MX,2022-01-26 03:39:40,26.9333,-105.4,49.26,29,47,4.74
298,Winnetka,US,2022-01-26 03:36:59,42.1081,-87.7359,3.78,67,0,5.01
299,Cabo San Lucas,MX,2022-01-26 03:35:57,22.8909,-109.9124,68.5,54,40,3.0
300,Semey,KZ,2022-01-26 03:39:41,50.4111,80.2275,1.62,78,0,8.95
301,Ikwiriri,TZ,2022-01-26 03:39:41,-7.9562,38.9716,75.96,83,100,1.01
302,Tetovo,MK,2022-01-26 03:39:42,42.0106,20.9714,18.45,61,17,4.36
303,Aberdeen,GB,2022-01-26 03:35:31,57.1437,-2.0981,44.76,92,75,5.75
304,Chapais,CA,2022-01-26 03:39:43,49.7834,-74.8492,-25.82,100,93,3.06
305,Verkh-Suetka,RU,2022-01-26 03:39:44,53.3,80.05,9.36,95,100,9.4
306,Lasa,IT,2022-01-26 03:39:44,46.6166,10.7002,18.34,67,0,6.64
307,Kudahuvadhoo,MV,2022-01-26 03:37:04,2.6708,72.8944,79.9,67,95,10.6
308,Lata,PT,2022-01-26 03:39:45,40.1629,-8.3327,43.05,83,3,5.21
309,Ostrovnoy,RU,2022-01-26 03:39:46,68.0531,39.5131,15.94,87,23,19.01
310,Bubaque,GW,2022-01-26 03:39:46,11.2833,-15.8333,79.25,59,93,9.98
311,Taoudenni,ML,2022-01-26 03:39:47,22.6783,-3.9836,66.94,21,100,8.52
312,Mashpee,US,2022-01-26 03:39:47,41.6484,-70.4811,33.94,52,75,8.05
313,San Quintin,MX,2022-01-26 03:39:30,30.4833,-115.95,56.43,80,35,4.29
314,Alekseyevsk,RU,2022-01-26 03:39:48,57.8406,108.3492,0.41,93,98,3.29
315,Iqaluit,CA,2022-01-26 03:39:48,63.7506,-68.5145,-22.27,76,75,0.0
316,Ballina,AU,2022-01-26 03:39:49,-28.8667,153.5667,75.24,84,100,5.75
317,Emerald,AU,2022-01-26 03:39:49,-23.5333,148.1667,92.34,40,100,10.36
318,Garowe,SO,2022-01-26 03:39:50,8.4054,48.4845,61.79,78,3,8.9
319,Roma,US,2022-01-26 03:39:03,43.2128,-75.4557,19.26,79,100,5.75
320,Juigalpa,NI,2022-01-26 03:39:50,12.1063,-85.3645,71.76,88,9,6.73
321,Marsa Matruh,EG,2022-01-26 03:40:51,31.3525,27.2453,46.6,71,40,9.22
322,Wentzville,US,2022-01-26 03:40:52,38.8114,-90.8529,17.1,61,89,1.99
323,Simplicio Mendes,BR,2022-01-26 03:40:52,-7.8539,-41.9103,71.46,73,63,1.43
324,Okha,RU,2022-01-26 03:40:53,53.5739,142.9478,0.0,93,92,12.03
325,Snihurivka,UA,2022-01-26 03:40:53,47.0758,32.8052,13.98,95,91,5.01
326,Vostok,RU,2022-01-26 03:40:54,46.4856,135.8833,12.4,84,100,4.09
327,Gol,NO,2022-01-26 03:40:54,60.7014,8.9457,41.77,93,67,4.63
328,Constitucion,CL,2022-01-26 03:40:54,-35.3333,-72.4167,55.78,92,7,6.4
329,Turkistan,KZ,2022-01-26 03:40:55,43.0,68.0,31.12,67,0,5.37
330,Bantry,IE,2022-01-26 03:40:56,51.6833,-9.45,42.28,88,40,1.5
331,Viedma,AR,2022-01-26 03:40:56,-40.8135,-62.9967,65.34,67,96,14.18
332,Along,IN,2022-01-26 03:40:57,28.1667,94.7667,55.51,85,100,1.23
333,Cayenne,GF,2022-01-26 03:36:49,4.9333,-52.3333,75.24,94,20,0.0
334,Aljezur,PT,2022-01-26 03:40:57,37.3191,-8.8033,50.11,71,36,5.66
335,Oktyabrskiy,RU,2022-01-26 03:40:58,54.4815,53.471,-0.81,99,76,4.45
336,Abilene,US,2022-01-26 03:38:49,32.4487,-99.7331,46.89,55,0,3.0
337,Kungurtug,RU,2022-01-26 03:40:59,50.5994,97.5228,-2.63,85,93,1.16
338,Pitimbu,BR,2022-01-26 03:41:00,-7.4706,-34.8086,79.39,75,84,10.74
339,Kruisfontein,ZA,2022-01-26 03:41:00,-34.0033,24.7314,66.88,92,100,8.88
340,Necocli,CO,2022-01-26 03:41:01,8.4234,-76.786,76.84,86,93,7.18
341,Segamat,MY,2022-01-26 03:41:01,2.5148,102.8158,84.02,51,95,6.98
342,Thinadhoo,MV,2022-01-26 03:41:02,0.5333,72.9333,81.16,65,98,16.62
343,Seoul,KR,2022-01-26 03:36:07,37.5683,126.9778,42.19,45,20,6.91
344,Port Blair,IN,2022-01-26 03:41:02,11.6667,92.75,84.24,61,20,11.5
345,Navrongo,GH,2022-01-26 03:41:03,10.8956,-1.0921,67.35,15,10,8.7
346,Leirvik,NO,2022-01-26 03:41:03,59.7798,5.5005,44.71,73,97,19.46
347,Talnakh,RU,2022-01-26 03:41:04,69.4865,88.3972,-0.8,94,95,14.23
348,Medicine Hat,CA,2022-01-26 03:36:30,50.0501,-110.6683,38.91,68,100,7.0
349,Mokrous,RU,2022-01-26 03:41:05,51.2333,47.5167,10.24,97,100,4.54
350,Cam Ranh,VN,2022-01-26 03:41:05,11.9214,109.1591,84.16,61,20,11.5
351,Saint-Pierre,RE,2022-01-26 03:41:06,-21.3393,55.4781,74.84,73,75,8.05
352,Hami,CN,2022-01-26 03:41:06,42.8,93.45,25.56,42,8,4.65
353,Port-Cartier,CA,2022-01-26 03:41:07,50.0334,-66.8654,-0.26,99,75,6.31
354,Vila Velha,BR,2022-01-26 03:41:07,-20.3297,-40.2925,76.44,94,40,4.61
355,Khani,GE,2022-01-26 03:41:07,41.9563,42.9566,33.37,82,100,6.2
356,Namatanai,PG,2022-01-26 03:41:08,-3.6667,152.4333,85.86,66,70,6.96
357,Hohhot,CN,2022-01-26 03:41:09,40.8106,111.6522,19.69,42,0,2.24
358,Husavik,IS,2022-01-26 03:41:10,66.0449,-17.3389,30.11,86,94,9.98
359,Pedernales,DO,2022-01-26 03:41:10,18.0384,-71.744,75.24,58,1,2.84
360,Coquimbo,CL,2022-01-26 03:41:11,-29.9533,-71.3436,60.53,82,0,1.14
361,Amuntai,ID,2022-01-26 03:41:11,-2.4177,115.2494,85.73,70,98,2.95
362,Gusau,NG,2022-01-26 03:41:12,12.1628,6.6614,60.62,18,0,15.82
363,Balikpapan,ID,2022-01-26 03:41:12,-1.2675,116.8289,85.19,84,20,4.61
364,Corpus Christi,US,2022-01-26 03:38:47,27.8006,-97.3964,57.24,84,75,11.99
365,Camacha,PT,2022-01-26 03:41:13,33.0833,-16.3333,58.42,63,40,18.41
366,Cocobeach,GA,2022-01-26 03:41:13,1.0002,9.5823,78.98,86,97,6.26
367,Lavrentiya,RU,2022-01-26 03:41:14,65.5833,-171.0,-21.68,87,15,5.41
368,Nzerekore,GN,2022-01-26 03:41:14,7.7562,-8.8179,64.38,27,1,2.66
369,Naze,JP,2022-01-26 03:41:15,28.3667,129.4833,63.52,66,53,12.44
370,College,US,2022-01-26 03:42:15,64.8569,-147.8028,15.75,73,20,4.61
371,Pastavy,BY,2022-01-26 03:42:16,55.1168,26.8326,18.73,100,96,4.25
372,Acari,PE,2022-01-26 03:42:16,-15.4311,-74.6158,73.13,78,51,4.18
373,Zhigansk,RU,2022-01-26 03:42:17,66.7697,123.3711,-13.59,99,97,7.87
374,Ziro,IN,2022-01-26 03:42:17,27.6333,93.8333,36.34,83,99,1.3
375,Emet,TR,2022-01-26 03:42:18,39.343,29.2585,12.18,98,100,4.18
376,Vadinsk,RU,2022-01-26 03:42:18,53.6916,43.0574,6.22,97,89,6.76
377,Salur,IN,2022-01-26 03:42:19,18.5333,83.2167,75.06,63,14,2.82
378,Vyshneve,UA,2022-01-26 03:42:19,50.3891,30.3705,28.17,83,100,6.71
379,Lishui,CN,2022-01-26 03:42:20,28.4604,119.9103,51.53,92,100,1.5
380,Bilibino,RU,2022-01-26 03:42:20,68.0546,166.4372,-38.96,96,40,3.24
381,Sakakah,SA,2022-01-26 03:42:21,29.9697,40.2064,40.57,51,0,8.19
382,Catamarca,AR,2022-01-26 03:42:22,-28.4696,-65.7852,82.78,64,12,2.59
383,Kosh-Agach,RU,2022-01-26 03:42:22,50.0,88.6667,-18.27,92,100,0.6
384,Mar Del Plata,AR,2022-01-26 03:39:11,-38.0023,-57.5575,73.87,100,75,10.0
385,Maragogi,BR,2022-01-26 03:42:23,-9.0122,-35.2225,77.47,82,71,8.43
386,Whitianga,NZ,2022-01-26 03:42:23,-36.8333,175.7,77.02,69,62,11.52
387,Dabakala,CI,2022-01-26 03:42:24,8.3667,-4.4333,69.82,20,2,5.3
388,San Policarpo,PH,2022-01-26 03:42:24,12.1791,125.5072,80.19,86,84,13.35
389,Revelstoke,CA,2022-01-26 03:38:14,50.9832,-118.2023,30.22,86,100,5.75
390,Black River,JM,2022-01-26 03:42:25,18.0264,-77.8487,77.0,86,27,4.05
391,Omsukchan,RU,2022-01-26 03:42:25,62.5333,155.8,-26.68,98,99,3.33
392,Cockburn Town,TC,2022-01-26 03:38:05,21.4612,-71.1419,76.91,74,1,8.23
393,Aden,YE,2022-01-26 03:42:26,12.7794,45.0367,75.25,75,58,9.24
394,Fort Nelson,CA,2022-01-26 03:42:27,58.8053,-122.7002,40.59,60,100,12.66
395,Buala,SB,2022-01-26 03:42:27,-8.145,159.5921,83.32,76,94,7.52
396,Sisimiut,GL,2022-01-26 03:42:28,66.9395,-53.6735,14.02,69,100,18.19
397,Talas,TR,2022-01-26 03:42:28,38.6908,35.5538,18.27,93,100,4.61
398,Leon,MX,2022-01-26 03:40:07,21.1167,-101.6667,60.85,45,2,2.73
399,Mandurah,AU,2022-01-26 03:42:29,-32.55,115.7,84.16,46,0,14.14
400,Auki,SB,2022-01-26 03:42:29,-8.7676,160.7034,81.43,84,99,5.41
401,Nazca,PE,2022-01-26 03:42:30,-14.8333,-74.95,71.35,69,86,4.23
402,Port Hedland,AU,2022-01-26 03:42:30,-20.3167,118.5667,93.25,59,47,11.5
403,Tevaitoa,PF,2022-01-26 03:42:31,-16.7833,-151.5,80.94,77,72,13.69
404,Salinopolis,BR,2022-01-26 03:42:31,-0.6136,-47.3561,78.4,83,73,9.24
405,Gogrial,SS,2022-01-26 03:42:32,8.5332,28.1004,71.2,24,62,6.08
406,Ischia,IT,2022-01-26 03:42:32,40.7342,13.9471,43.95,64,6,5.88
407,Gat,IL,2022-01-26 03:38:46,31.61,34.7642,49.41,100,16,11.65
408,Barra Do Garcas,BR,2022-01-26 03:42:33,-15.89,-52.2567,72.55,91,99,2.71
409,Borovoy,RU,2022-01-26 03:42:33,55.4333,86.0833,0.68,85,40,4.47
410,Ilebo,CD,2022-01-26 03:42:34,-4.3167,20.5833,69.06,97,100,1.45
411,Lubango,AO,2022-01-26 03:42:34,-14.9172,13.4925,61.39,83,100,3.38
412,Margate,GB,2022-01-26 03:42:35,51.3813,1.3862,37.26,83,94,1.01
413,Murgab,TM,2022-01-26 03:42:36,37.4966,61.9714,28.27,86,75,0.0
414,Hauterive,FR,2022-01-26 03:42:37,46.0901,3.4459,26.02,81,0,1.86
415,Lumberton,US,2022-01-26 03:37:43,34.6182,-79.0086,46.35,80,66,5.95
416,Saint-Louis,SN,2022-01-26 03:42:37,16.3333,-15.0,74.84,12,82,9.95
417,Tiznit,MA,2022-01-26 03:42:38,29.5833,-9.5,48.99,92,31,0.63
418,Santa Cruz,BO,2022-01-26 03:43:38,-17.8,-63.1667,80.06,78,40,9.22
419,Bud,US,2022-01-26 03:43:39,39.447,-86.1758,16.7,67,1,9.55
420,Pierre,US,2022-01-26 03:41:54,44.3683,-100.351,9.28,60,0,4.61
421,Simi,SL,2022-01-26 03:43:40,9.5667,-12.35,70.47,24,36,1.63
422,Souillac,MU,2022-01-26 03:43:40,-20.5167,57.5167,79.36,69,75,10.36
423,Agua Branca,BR,2022-01-26 03:43:41,-5.8922,-42.6361,73.15,81,59,1.32
424,Chepen,PE,2022-01-26 03:43:41,-7.2167,-79.45,74.14,70,79,6.22
425,Kargasok,RU,2022-01-26 03:43:42,59.0556,80.8572,-9.11,100,91,3.51
426,La Rioja,ES,2022-01-26 03:42:55,42.25,-2.5,33.12,70,0,4.76
427,Guerrero Negro,MX,2022-01-26 03:43:43,27.9769,-114.0611,60.13,71,100,9.26
428,Rosa Zarate,EC,2022-01-26 03:43:43,0.3333,-79.4667,71.56,93,100,2.19
429,Shakawe,BW,2022-01-26 03:43:44,-18.3667,21.85,68.0,65,99,4.0
430,Nakkila,FI,2022-01-26 03:43:44,61.3667,22.0,30.09,86,0,9.22
431,Wadi Maliz,TN,2022-01-26 03:43:45,36.4681,8.5495,37.06,88,2,2.55
432,Columbus,US,2022-01-26 03:43:34,39.9612,-82.9988,17.2,83,40,8.01
433,Geraldton,AU,2022-01-26 03:43:46,-28.7667,114.6,90.01,31,0,20.71
434,Tocopilla,CL,2022-01-26 03:41:53,-22.092,-70.1979,67.48,71,44,0.2
435,Esperance,AU,2022-01-26 03:43:46,-33.8667,121.9,71.44,71,68,14.05
436,Kutum,SD,2022-01-26 03:43:47,14.2,24.6667,53.85,31,92,8.97
437,Muyezerskiy,RU,2022-01-26 03:43:48,63.9333,31.65,9.59,97,69,6.58
438,Ouesso,CG,2022-01-26 03:43:48,1.6136,16.0517,67.91,45,91,1.3
439,Mount Isa,AU,2022-01-26 03:43:49,-20.7333,139.5,91.17,52,75,11.5
440,Gibsons,CA,2022-01-26 03:43:49,49.3997,-123.5027,38.71,92,100,5.01
441,Matagami,CA,2022-01-26 03:43:49,49.7502,-77.6328,-23.69,69,0,5.75
442,Cairns,AU,2022-01-26 03:43:50,-16.9167,145.7667,92.07,78,99,6.91
443,Soyo,AO,2022-01-26 03:43:51,-6.1349,12.3689,77.38,80,100,4.81
444,Olafsvik,IS,2022-01-26 03:43:52,64.8945,-23.7142,35.91,59,92,10.38
445,Kazanskaya,RU,2022-01-26 03:43:52,45.4106,40.4361,23.18,93,100,0.43
446,Ratnagiri,IN,2022-01-26 03:43:53,16.9833,73.3,71.74,49,55,2.71
447,Benguela,AO,2022-01-26 03:43:53,-12.5763,13.4055,75.88,89,100,3.91
448,Tomatlan,MX,2022-01-26 03:43:54,19.9333,-105.25,66.0,88,50,2.24
449,Kenai,US,2022-01-26 03:43:26,60.5544,-151.2583,21.25,93,0,5.75
450,Bajil,YE,2022-01-26 03:43:54,15.0584,43.2851,73.76,84,92,3.04
451,Assiniboia,CA,2022-01-26 03:43:55,49.6334,-105.9845,21.02,86,100,24.16
452,Puerto Escondido,MX,2022-01-26 03:39:39,15.85,-97.0667,81.43,69,0,0.0
453,Morant Bay,JM,2022-01-26 03:43:56,17.8815,-76.4093,78.42,83,9,6.44
454,George,ZA,2022-01-26 03:43:57,-33.963,22.4617,63.95,100,100,9.22
455,Strezhevoy,RU,2022-01-26 03:43:57,60.7333,77.5889,-4.02,100,99,4.7
456,Nishihara,JP,2022-01-26 03:43:58,26.1842,127.7558,69.85,62,75,8.05
457,Olinda,BR,2022-01-26 03:43:58,-8.0089,-34.8553,80.33,78,75,6.91
458,Bowen,AU,2022-01-26 03:43:59,-20.0167,148.2333,82.62,85,100,7.29
459,Acapulco,MX,2022-01-26 03:41:20,16.8634,-99.8901,78.62,83,20,3.44
460,Verkhnyaya Inta,RU,2022-01-26 03:44:59,65.9811,60.3094,18.5,83,100,18.32
461,Chumikan,RU,2022-01-26 03:45:00,54.7183,135.315,5.97,84,23,12.15
462,Canutama,BR,2022-01-26 03:45:00,-6.5339,-64.3831,73.47,97,96,2.95
463,Abu Dhabi,AE,2022-01-26 03:45:01,24.4667,54.3667,66.96,90,20,1.14
464,Viransehir,TR,2022-01-26 03:45:01,37.2353,39.7631,36.97,95,92,13.27
465,Richards Bay,ZA,2022-01-26 03:45:02,-28.783,32.0377,73.06,92,52,3.2
466,Damietta,EG,2022-01-26 03:43:41,31.4165,31.8133,48.09,71,28,16.02
467,Korla,CN,2022-01-26 03:45:03,41.7597,86.1469,26.51,55,0,4.9
468,Gizo,SB,2022-01-26 03:45:03,-8.103,156.8419,84.31,73,100,8.39
469,Puerto Leguizamo,CO,2022-01-26 03:45:04,-0.1934,-74.7819,71.92,99,100,1.59
470,Shenjiamen,CN,2022-01-26 03:45:04,29.9576,122.298,48.45,87,100,10.98
471,Grindavik,IS,2022-01-26 03:45:05,63.8424,-22.4338,32.47,93,75,8.05
472,Mackenzie,CA,2022-01-26 03:45:05,55.2999,-123.1698,28.62,80,0,2.3
473,Noumea,NC,2022-01-26 03:45:06,-22.2763,166.4572,84.0,99,86,10.67
474,Liverpool,GB,2022-01-26 03:44:02,53.4106,-2.9779,42.98,90,100,3.44
475,Sangar,RU,2022-01-26 03:45:07,63.9242,127.4739,-20.18,95,100,3.24
476,Florianopolis,BR,2022-01-26 03:41:37,-27.6146,-48.5012,78.03,80,100,3.0
477,Illora,ES,2022-01-26 03:45:08,37.2877,-3.8811,46.02,80,20,2.3
478,Belen,TR,2022-01-26 03:45:08,36.4891,36.2233,30.34,100,75,9.22
479,Rawson,AR,2022-01-26 03:45:09,-43.3002,-65.1023,61.95,63,2,12.64
480,Ushtobe,KZ,2022-01-26 03:45:09,45.2514,77.9838,22.51,76,60,0.96
481,Maldonado,UY,2022-01-26 03:45:09,-34.6667,-54.9167,76.39,93,100,7.4
482,Ust-Kuyga,RU,2022-01-26 03:45:10,70.0167,135.6,-21.42,100,96,8.61
483,Chemin Grenier,MU,2022-01-26 03:45:10,-20.4872,57.4656,79.57,66,64,12.44
484,Dhidhdhoo,MV,2022-01-26 03:41:31,6.8833,73.1,80.22,57,96,8.05
485,Akdepe,TM,2022-01-26 03:45:11,42.0551,59.3788,15.89,73,7,7.9
486,Kembe,CF,2022-01-26 03:45:12,4.6228,21.8865,68.23,35,83,3.13
487,Lagoa,PT,2022-01-26 03:45:12,39.05,-27.9833,58.51,83,100,9.19
488,Casablanca,MA,2022-01-26 03:41:53,33.5928,-7.6192,59.32,82,87,4.0
489,Karratha,AU,2022-01-26 03:45:13,-20.7377,116.8463,89.4,56,0,13.76
490,Hambantota,LK,2022-01-26 03:45:13,6.1241,81.1185,77.34,88,20,9.22
491,Buin,CL,2022-01-26 03:45:14,-33.7333,-70.75,73.74,69,0,1.95
492,Amazar,RU,2022-01-26 03:45:14,53.858,120.875,6.44,72,72,3.29
493,Mozarlandia,BR,2022-01-26 03:45:15,-14.7447,-50.5706,70.99,94,93,3.83
494,Elat,IL,2022-01-26 03:43:07,29.5581,34.9482,48.22,52,0,3.94
495,Medvezhyegorsk,RU,2022-01-26 03:45:15,62.9167,34.4667,-0.29,100,53,3.76
496,Lethem,GY,2022-01-26 03:45:16,3.3803,-59.7968,77.67,74,97,12.44
497,Salinas,US,2022-01-26 03:45:16,36.6777,-121.6555,54.19,86,0,3.44
498,Payo,ID,2022-01-26 03:45:17,-3.7508,103.6372,82.72,75,100,4.68
499,San Patricio,US,2022-01-26 03:45:17,28.017,-97.5169,57.09,84,0,8.37
500,Mountain Home,US,2022-01-26 03:44:29,43.133,-115.6912,27.88,100,100,6.91
501,Solnechnyy,RU,2022-01-26 03:45:18,50.7214,136.6319,4.66,90,79,3.0
502,Male,MV,2022-01-26 03:45:19,4.1748,73.5089,84.15,61,75,9.22
503,Hamilton,US,2022-01-26 03:44:53,39.1834,-84.5333,21.11,64,0,1.99
504,Labuhan,ID,2022-01-26 03:45:19,-6.8844,112.2051,85.06,73,98,17.31
505,Wattegama,LK,2022-01-26 03:45:20,6.7989,81.4808,76.12,63,96,5.68
506,Cap Malheureux,MU,2022-01-26 03:46:20,-19.9842,57.6142,80.47,61,2,5.99
507,Ereymentau,KZ,2022-01-26 03:46:21,51.6199,73.1033,11.19,86,100,15.26
508,Aykhal,RU,2022-01-26 03:46:21,66.0,111.5,1.42,83,100,4.52
509,Flinders,AU,2022-01-26 03:46:22,-34.5833,150.8552,79.88,67,96,8.93
510,Formosa,AR,2022-01-26 03:46:22,-26.1775,-58.1781,87.78,62,75,9.22
511,Heihe,CN,2022-01-26 03:46:23,50.2441,127.4902,-1.62,85,33,3.96
512,Los Llanos De Aridane,ES,2022-01-26 03:46:23,28.6585,-17.9182,57.13,67,75,4.0
513,Ladario,BR,2022-01-26 03:46:24,-19.0047,-57.6017,77.59,73,98,1.9
514,Marawi,PH,2022-01-26 03:46:25,7.9986,124.2928,73.65,61,100,1.81
515,Zhangye,CN,2022-01-26 03:46:25,38.9342,100.4517,24.57,41,84,0.85
516,Sungaipenuh,ID,2022-01-26 03:46:26,-2.0833,101.3833,74.35,71,100,1.36
517,Hailin,CN,2022-01-26 03:46:26,44.5833,129.4167,13.51,80,99,4.9
518,Bonnyville,CA,2022-01-26 03:45:28,54.2668,-110.735,38.03,74,55,22.32
519,Sao Geraldo Do Araguaia,BR,2022-01-26 03:46:27,-6.4006,-48.555,73.56,96,100,2.15
520,Verkhnevilyuysk,RU,2022-01-26 03:46:27,63.4453,120.3167,-8.09,94,83,5.99
521,Monrovia,LR,2022-01-26 03:45:27,6.3005,-10.7969,76.95,83,2,4.29
522,Rocha,UY,2022-01-26 03:46:28,-34.4833,-54.3333,72.34,95,100,5.79
523,Taltal,CL,2022-01-26 03:46:28,-25.4,-70.4833,65.82,78,0,1.63
524,Ust-Barguzin,RU,2022-01-26 03:46:29,53.45,108.9833,2.25,90,100,2.59
525,Chakulia,IN,2022-01-26 03:46:29,22.4833,86.7167,64.72,68,100,6.78
526,Grafton,US,2022-01-26 03:46:30,42.207,-71.6856,28.63,62,0,5.75
527,Katunino,RU,2022-01-26 03:46:30,64.3862,40.6298,15.69,96,27,4.25
528,Ostrozac,BA,2022-01-26 03:46:31,44.9086,15.9403,15.96,85,6,3.27
529,Dengzhou,CN,2022-01-26 03:46:31,37.8086,120.7508,34.02,60,73,11.9
530,Ypsonas,CY,2022-01-26 03:46:32,34.6884,32.9574,44.28,87,20,3.44
531,Henties Bay,NA,2022-01-26 03:46:33,-22.116,14.2845,66.85,91,30,10.89
532,Mega,ET,2022-01-26 03:46:33,4.05,38.3,59.36,37,1,17.67
533,Hoquiam,US,2022-01-26 03:46:34,46.9809,-123.8893,43.93,85,0,10.36
534,Okakarara,NA,2022-01-26 03:46:35,-20.5833,17.4333,68.47,53,91,4.74
535,Hangu,CN,2022-01-26 03:46:36,39.2489,117.7892,33.84,37,94,5.7
